<?xml version="1.0" encoding="UTF-8"?>
<beans xmlns="http://www.springframework.org/schema/beans"
	xmlns:xsi="http://www.w3.org/2001/XMLSchema-instance"
	xsi:schemaLocation="http://www.springframework.org/schema/beans https://www.springframework.org/schema/beans/spring-beans.xsd">
	
	<bean id="dataSource" class="org.apache.ibatis.datasource.pooled.PooledDataSource">
    	<property name="driver" value="com.mysql.jdbc.Driver"/>
   		<property name="url" value="jdbc:mysql://localhost:3306/brisbane"/>
    	<property name="username" value="root"/>
    	<property name="password" value="12345"/>
	</bean>

	<bean id="transactionManager"
    class="org.springframework.jdbc.datasource.DataSourceTransactionManager">
    	<property name="dataSource" ref="dataSource"></property>
	</bean >

	<bean id="sqlSessionFactory" class="org.mybatis.spring.SqlSessionFactoryBean">
    	<property name="dataSource" ref="dataSource"></property>
    	<property name="configLocation"
        value= "classpath:/mybatis/mybatis-config.xml">
    </property>
	</bean>
	<bean id="sqlSession"
   	class="org.mybatis.spring.SqlSessionTemplate">
    	<constructor-arg ref="sqlSessionFactory"></constructor-arg>
	</bean>
	
		
</beans>
