<?xml version="1.0" encoding="UTF-8"?>
<!DOCTYPE tiles-definitions PUBLIC 
   "-//Apache Software Foundation//DTD Tiles Configuration 2.1//EN" 
   "http://tiles.apache.org/dtds/tiles-config_2_1.dtd">
   
<tiles-definitions>
   <definition name=".main.layout" template="/WEB-INF/views/module/layout.jsp">
      <put-attribute name="top" value="/WEB-INF/views/module/top.jsp"/>
      <put-attribute name="side" value="/WEB-INF/views/module/side.jsp"/>
      <put-attribute name="content" value="/WEB-INF/views/member/main.jsp"/>
      <put-attribute name="footer" value="/WEB-INF/views/module/footer.jsp"/>
   </definition>

   <definition name=".main.*.*" extends=".main.layout">
      <put-attribute name="content" value="/WEB-INF/views/{1}/{2}.jsp"/>
   </definition>
</tiles-definitions>
