<?xml version="1.0" encoding="UTF-8"?>
<!DOCTYPE mapper
PUBLIC "-//mybatis.org//DTD Mapper 3.0//EN"
"http://mybatis.org/dtd/mybatis-3-mapper.dtd">

<mapper namespace="board">
   
   <!-- 최대글번호 얻기  -->
   <select id="boardnumMax" resultType="Integer">
     select max(num) from board
   </select>
   
   <!-- 답글 끼워넣기 위치 확보  -->
   <update id="boardreStep" parameterType="model.board.BoardDto">
     update board set re_step=re_step+1
     where ref=#{ref} and re_step>#{re_step}
   </update>
   
   <!-- 글쓰기,답글쓰기 -->
   <insert id="boardinsertBoard" parameterType="model.board.BoardDto">
      insert into board(writer,subject,pw,regdate,ref,re_step,re_level,content,ip)
      values(#{writer},#{subject},#{pw},NOW(),#{ref},#{re_step},#{re_level},#{content},#{ip});
   </insert>
   
   <!-- 글갯수 -->
   <select id="boardselectCount" resultType="int">
     select count(*) from board;
   </select>
   
   <!-- 리스트 -->
   <select id="boardselectList" parameterType="java.util.HashMap" resultType="model.board.BoardDto">
    select * from board 
    order by ref desc, re_step asc
    limit #{start},#{cnt}
   </select>
   
   <!-- 조회수 증가 -->
   <update id="boardreadCount" parameterType="int">
    update board set readCount=readCount+1
    where num=#{num};
   </update>
   
   <!-- 글내용 보기, 글수정 -->
   <select id="boardgetBoard" parameterType="int" resultType="model.board.BoardDto">
   select * from board
   where num=#{num}
   </select>
   
   <!-- DB글수정 -->
   <update id="boardupdatePro" parameterType="model.board.BoardDto">
   update board set writer=#{writer},subject=#{subject},content=#{content}
   where num=#{num} AND pw=#{pw}
   </update>
   
   <!-- 글삭제 -->
   <delete id="boarddeletePro" parameterType="int">
   delete from board
   where num=#{num}
   </delete>
</mapper>
