<?xml version="1.0" encoding="UTF-8"?>
<!DOCTYPE configuration
PUBLIC "-//mybatis.org//DTD Config 3.0//EN"
"http://mybatis.org/dtd/mybatis-3-config.dtd" >

<configuration>
	<mappers>
		<mapper resource="/mybatis/member.xml"/>
		<mapper resource="/mybatis/main.xml"/>
		<mapper resource="/mybatis/board.xml"/>
		<mapper resource="/mybatis/notice.xml"/>
		<mapper resource="/mybatis/faq.xml"/>
		<mapper resource="/mybatis/qna.xml"/>
		<mapper resource="/mybatis/reply.xml"/>
	</mappers>
</configuration>
