<?xml version="1.0" encoding="UTF-8"?>
<!DOCTYPE mapper
PUBLIC "-//mybatis.org//DTD Mapper 3.0//EN"
"http://mybatis.org/dtd/mybatis-3-mapper.dtd">

<mapper namespace="notice">
	<!-- 최대 글번호 -->
	<select id="nMaxnum" resultType="Integer">
		select max(num) from notice
	</select>
	
	<!-- 답글자리 -->
	<update id="nRestep" parameterType="model.notice.NoticeDto">
		update notice
		set re_step=re_step+1
		where ref=#{ref} and re_step>#{re_step}
	</update>
	
	<!-- 원글/답글 쓰기 -->
	<insert id="insertNotice" parameterType="model.notice.NoticeDto">
		insert into notice(writer,subject,regdate,ref,re_step,re_level,content,ip) 
		values(#{writer},#{subject},now(),#{ref},#{re_step},#{re_level},#{content},#{ip})
	</insert>
	
	<!-- 총 글갯수 -->
	<select id="nCount" resultType="Integer">
		select count(*) from notice
	</select>
	
	<!-- 리스트 -->
	<select id="noticeList" parameterType="map" resultType="model.notice.NoticeDto">
		select * from notice
		order by ref desc, re_step asc
		limit #{start},#{cnt}
	</select>
	
	<!-- 조회수 증가 -->
	<update id="nReadcount" parameterType="Integer">
		update notice
		set readcount=readcount+1
		where num=#{num}
	</update>
	
	<!-- 글내용보기/글수정 -->
	<select id="getNotice" parameterType="Integer" resultType="model.notice.NoticeDto">
		select * from notice where num=#{num}
	</select>
	
	<!-- DB글수정 -->
	<update id="updateNotice" parameterType="model.notice.NoticeDto">
		update notice
		set subject=#{subject},content=#{content},ip=#{ip}
		where num=#{num}
	</update>
	
	<!-- 글삭제 -->
	<delete id="deleteNotice" parameterType="Integer">
		delete from notice where num=#{num}
	</delete>
</mapper>
