<?xml version="1.0" encoding="UTF-8"?>
<!DOCTYPE mapper
PUBLIC "-//mybatis.org//DTD Mapper 3.0//EN"
"http://mybatis.org/dtd/mybatis-3-mapper.dtd">

<mapper namespace="reply">
	
	<!-- 댓글쓰기 -->
	<insert id="insertReply" parameterType="model.reply.ReplyDto">
		insert into board_reply(num,writer,regdate,content) 
		values(#{num},#{writer},NOW(),#{content})
	</insert>
	
	<!-- 총 글갯수 -->
	<select id="rCount" resultType="Integer">
		select count(*) from board_reply where num=#{num}
	</select>
	
	<!-- 리스트 -->
	<select id="replyList" resultType="model.reply.ReplyDto">
		select *
		from board_reply
		where num=#{num}
		order by no desc
	</select>
	
	<!-- 댓글 삭제 -->
	<delete id="deleteReply" parameterType="Integer">
		delete from board_reply
		where no=#{no}
	</delete>
	
</mapper>
